month,USD,EUR,JPY,GBP,CHF,CAD,AUD,NZD,NOK,SEK
2001-01-01,5.62,4.77072727272727,,5.84578,3.25396728571429,5.236,5.91,6.53,7.41,4.07
2001-02-01,5.26,4.7558,,5.75655,3.34404575,5.0475,5.59,6.48,7.32,4.1
2001-03-01,4.89,4.70863636363636,,5.55126,3.26320313636364,4.595,5.14,6.25,7.39,4.06
2001-04-01,4.53,4.682,,5.40449,3.12508536842105,4.5025,4.86,5.97,7.48,3.94
2001-05-01,4.02,4.63668181818182,,5.24858,3.0529099047619,4.34,4.89,5.79,7.45,4.01
2001-06-01,3.74,4.45357142857143,,5.25854,3.10380645,4.26,4.97,5.82,7.42,4.17
2001-07-01,3.66,4.46713636363636,,5.25436,3.12780690909091,4.18,5.04,5.79,7.37,4.31
2001-08-01,3.48,4.35352173913043,,4.99658,3.07501459090909,3.936,4.95,5.83,7.31,4.28
2001-09-01,2.87,3.98285,,4.72946,2.66832555,3.3325,4.55,5.57,7.14,4.01
2001-10-01,2.31,3.59986956521739,,4.42821,2.06915434782609,2.728,4.36,5.15,6.94,3.7
2001-11-01,2.03,3.38568181818182,,3.99675,1.93803509090909,2.1525,4.28,4.87,6.9,3.68
2001-12-01,1.83,3.34488888888889,,4.0506,1.74428288888889,2.0,4.25,4.86,6.59,3.71
2002-01-01,1.74,3.33877272727273,,4.04677,1.60372514285714,1.914,4.26,4.86,6.32,3.74
2002-02-01,1.82,3.3571,,4.05268,1.5666706,2.015,4.31,4.93,6.57,3.87
2002-03-01,1.91,3.3908,,4.13055,1.60416375,2.155,4.46,5.31,6.72,4.09
2002-04-01,1.87,3.40690476190476,0.1,4.17319,1.46064661904762,2.325,4.59,5.68,6.77,4.25
2002-05-01,1.82,3.46713636363636,0.08,4.1537,1.1634939,2.514,4.84,5.83,6.9,4.29
2002-06-01,1.81,3.464,0.09,4.17758,1.14959405,2.69,5.07,5.96,7.12,4.28
2002-07-01,1.79,3.41,0.09,4.06054,1.00306152173913,2.782,4.98,6.0,7.25,4.26
2002-08-01,1.73,3.35190909090909,0.07,3.98654,0.668342047619048,2.83,4.96,5.87,7.26,4.19
2002-09-01,1.76,3.31014285714286,0.08,3.98872,0.612999095238095,2.805,4.92,5.86,7.15,4.17
2002-10-01,1.73,3.26126086956522,0.08,3.96401,0.627853739130435,2.768,4.9,5.88,7.12,4.07
2002-11-01,1.39,3.12414285714286,0.08,3.97142,0.592497857142857,2.7,4.84,5.9,7.09,3.91
2002-12-01,1.34,2.94105,0.1,4.01777,0.54338995,2.6775,4.83,5.92,6.62,3.67
2003-01-01,1.29,2.83181818181818,0.1,3.98263,0.508735476190476,2.716,4.8,5.86,5.99,3.65
2003-02-01,1.27,2.68745,0.09,3.75425,0.48923735,2.8125,4.75,5.82,5.69,3.61
2003-03-01,1.23,2.52995238095238,0.08,3.65503,0.233193714285714,3.0375,4.76,5.81,5.49,3.4
2003-04-01,1.24,2.53335,0.08,3.64598,0.1737809,3.196,4.79,5.73,5.26,3.42
2003-05-01,1.22,2.40052380952381,0.08,3.63252,0.1585085,3.1775,4.78,5.38,4.92,3.18
2003-06-01,1.04,2.15185714285714,0.09,3.63966,0.15839465,3.0975,4.67,5.23,4.04,2.81
2003-07-01,1.05,2.13004347826087,0.09,3.49022,0.16359952173913,2.912,4.72,5.11,3.45,2.68
2003-08-01,1.08,2.14042857142857,0.09,3.52249,0.1508667,2.7775,4.82,5.11,3.14,2.71
2003-09-01,1.08,2.14731818181818,0.09,3.6967,0.138722590909091,2.6325,4.91,5.15,2.81,2.71
2003-10-01,1.1,2.1435652173913,0.09,3.80338,0.129131043478261,2.618,4.97,5.19,2.86,2.73
2003-11-01,1.11,2.15905,0.08,3.98043,0.14283225,2.7,5.31,5.37,2.89,2.72
2003-12-01,1.1,2.14633333333333,0.1,4.01864,0.136828571428571,2.624,5.47,5.32,2.64,2.7
2004-01-01,1.06,2.08947619047619,0.09,4.05531,0.1284939,2.3725,5.55,5.35,2.26,2.6
2004-02-01,1.05,2.07055,0.09,4.16654,0.14803445,2.195,5.57,5.59,2.01,2.46
2004-03-01,1.05,2.02882608695652,0.08,4.29673,0.158294043478261,2.038,5.51,5.54,1.84,2.36
2004-04-01,1.08,2.04875,0.08,4.39472,0.18674945,1.9625,5.54,5.59,1.97,2.02
2004-05-01,1.2,2.08585714285714,0.08,4.52872,0.182353368421053,1.97,5.51,5.9,1.99,1.99
2004-06-01,1.46,2.11268181818182,0.09,4.78974,0.328464045454545,2.008,5.49,6.07,2.03,1.98
2004-07-01,1.57,2.11604545454546,0.09,4.85702,0.422401363636364,2.035,5.46,6.25,2.02,1.99
2004-08-01,1.68,2.11427272727273,0.09,4.96284,0.471912181818182,2.0625,5.44,6.44,2.02,1.99
2004-09-01,1.86,2.11859090909091,0.09,4.9469,0.584377681818182,2.346,5.42,6.64,1.96,2.0
2004-10-01,2.04,2.14733333333333,0.09,4.90071,0.620791047619048,2.5325,5.41,6.75,2.0,1.99
2004-11-01,2.26,2.17031818181818,0.09,4.88359,0.648511,2.64,5.43,6.72,1.99,1.99
2004-12-01,2.45,2.17317391304348,0.1,4.87103,0.649346863636364,2.466,5.41,6.71,1.99,2.0
2005-01-01,2.61,2.14542857142857,0.1,4.87316,0.651069238095238,2.455,5.42,6.76,1.96,2.0
2005-02-01,2.77,2.13835,0.1,4.89069,0.6771861,2.445,5.63,6.83,1.92,1.97
2005-03-01,2.97,2.13719047619048,0.08,4.98736,0.666316238095238,2.498,5.81,6.99,2.02,1.97
2005-04-01,3.09,2.1372380952381,0.08,4.94336,0.67295219047619,2.47,5.75,7.05,2.05,1.99
2005-05-01,3.22,2.12563636363636,0.08,4.89375,0.67066215,2.46,5.68,7.05,2.08,1.9
2005-06-01,3.38,2.11104545454545,0.09,4.84144,0.672201227272727,2.448,5.66,7.03,2.15,1.65
2005-07-01,3.57,2.11942857142857,0.09,4.65794,0.666276380952381,2.555,5.65,7.03,2.22,1.48
2005-08-01,3.77,2.13247826086957,0.09,4.59465,0.675881090909091,2.68,5.62,7.03,2.25,1.48
2005-09-01,3.87,2.13913636363636,0.09,4.59686,0.674919636363636,2.795,5.62,7.09,2.35,1.47
2005-10-01,4.13,2.19661904761905,0.09,4.58701,0.722154380952381,2.98,5.63,7.28,2.45,1.49
2005-11-01,4.31,2.36086363636364,0.09,4.61847,0.865552090909091,3.206,5.63,7.54,2.54,1.51
2005-12-01,4.45,2.47285714285714,0.1,4.63732,0.9330752,3.35,5.63,7.66,2.55,1.69
2006-01-01,4.56,2.51168181818182,0.1036,4.60368,0.924489476190476,3.42,5.63,7.64,2.52,1.83
2006-02-01,4.72,2.60035,0.11,4.58199,0.9967605,3.63,5.61,7.53,2.57,1.93
2006-03-01,4.88,2.72260869565217,0.1255,4.58741,1.11319943478261,3.76,5.61,7.49,2.72,1.96
2006-04-01,5.03,2.79377777777778,0.14,4.6296,1.17550216666667,3.96,5.69,7.47,2.82,2.05
2006-05-01,5.15,2.889,0.27,4.7015,1.30199257142857,4.126,5.87,7.49,2.94,2.11
2006-06-01,5.35,2.98568181818182,0.35,4.73498,1.37270757142857,4.24,5.96,7.47,3.03,2.21
2006-07-01,5.46,3.10219047619048,0.44,4.73322,1.42769528571429,4.2,6.05,7.48,3.09,2.28
2006-08-01,5.38,3.22647826086957,0.432,4.94425,1.52308863636364,4.132,6.19,7.49,3.23,2.43
2006-09-01,5.34,3.33538095238095,0.436,5.02501,1.643369,4.15,6.21,7.56,3.37,2.54
2006-10-01,5.33,3.502,0.447,5.13176,1.74738009090909,4.1575,6.28,7.66,3.48,2.74
2006-11-01,5.32,3.59718181818182,0.502,5.22544,1.80596172727273,4.178,6.37,7.61,3.62,2.9
2006-12-01,5.32,3.68421052631579,0.54,5.29167,1.90840782352941,4.16,6.39,7.66,3.8,3.0
2007-01-01,5.32,3.75186363636364,0.54,5.48623,2.05046923809524,4.156,6.43,7.7,3.98,3.21
2007-02-01,5.31,3.8182,0.66,5.5657,2.11132155,4.18,6.37,7.75,4.2,3.29
2007-03-01,5.3,3.89090909090909,0.66,5.54946,2.15987477272727,4.1675,6.43,7.88,4.43,3.26
2007-04-01,5.31,3.97526315789474,0.65,5.64899,2.22386673684211,4.1625,6.48,7.98,4.54,3.34
2007-05-01,5.31,4.07136363636364,0.67,5.76742,2.31683825,4.19,6.37,8.09,4.6,3.4
2007-06-01,5.33,4.14776190476191,0.73,5.88018,2.44371828571429,4.36,6.42,8.32,4.75,3.45
2007-07-01,5.32,4.21618181818182,0.77,6.02396,2.61172740909091,4.4975,6.47,8.44,4.89,3.53
2007-08-01,5.49,4.54360869565217,0.84,6.41946,2.60672072727273,4.262,6.75,8.72,5.18,3.58
2007-09-01,5.46,4.7417,0.85,6.64694,2.49345425,3.9975,6.94,8.81,5.51,3.62
2007-10-01,5.08,4.68739130434783,0.85,6.27014,2.45670126086957,3.936,6.91,8.68,5.67,3.81
2007-11-01,4.97,4.63854545454545,0.87,6.40858,2.29504331818182,3.9625,7.15,8.73,5.78,4.02
2007-12-01,5.02,4.84836842105263,0.86,6.35943,2.34431588235294,3.8325,7.29,8.9,5.96,4.12
2008-01-01,3.84,4.48154545454545,0.85,5.65965,2.28750271428571,3.582,7.18,8.75,5.79,4.11
2008-02-01,3.06,4.36209523809524,0.85,5.64202,2.41745680952381,3.265,7.69,8.82,5.91,4.21
2008-03-01,2.79,4.59636842105263,0.84,5.89929,2.28812894736842,2.185,7.9,8.91,6.18,4.24
2008-04-01,2.85,4.7835,0.84,5.91881,2.18122622727273,2.404,7.84,8.87,6.3,4.14
2008-05-01,2.66,4.85738095238095,0.84,5.82639,2.0428156,2.65,7.75,8.71,6.48,4.11
2008-06-01,2.76,4.94052380952381,0.86,5.92944,2.1437270952381,2.6125,7.81,8.68,6.41,4.17
2008-07-01,2.79,4.961,0.85,5.8322,2.20689582608696,2.368,7.75,8.46,6.46,4.34
2008-08-01,2.79,4.96519047619048,0.85,5.76619,2.1833859,2.47,7.31,8.2,6.53,4.4
2008-09-01,3.59,5.01918181818182,0.87,5.9106,2.124653,2.1175,7.27,7.95,6.82,4.49
2008-10-01,4.32,5.11308695652174,0.89,6.13304,1.41079118181818,1.556,6.03,7.43,6.92,3.63
2008-11-01,2.36,4.2383,0.88,4.44684,0.700317846153846,1.7825,4.76,6.25,6.18,3.2
2008-12-01,1.77,3.29261904761905,0.74,3.17247,0.1075305,1.05,4.39,5.23,4.64,1.82
2009-01-01,1.02,2.45652380952381,0.72,2.34276,0.0938757,0.8025,3.74,4.38,3.7,1.35
2009-02-01,1.16,1.94305,0.71,2.09038,0.110002944444444,0.7275,3.16,3.4,3.48,0.85
2009-03-01,1.07,1.63545454545455,0.65,1.83139,0.113013047619048,0.4075,3.16,3.24,3.17,0.4
2009-04-01,0.89,1.4223,0.6,1.53413,0.0902461818181818,0.324,3.1,3.12,2.87,0.3
2009-05-01,0.57,1.2817,0.57,1.35795,0.0912780588235294,0.18,3.13,2.82,2.4,0.47
2009-06-01,0.39,1.22790909090909,0.56,1.24117,0.0871305263157895,0.225,3.25,2.78,2.1,0.39
2009-07-01,0.35,0.974956521739131,0.55,1.00113,0.0717845652173913,0.234,3.14,2.79,1.87,0.18
2009-08-01,0.3,0.860476190476191,0.54,0.77369,0.0738368095238095,0.23,3.3,2.76,1.88,0.16
2009-09-01,0.25,0.772090909090909,0.54,0.6056,0.073400380952381,0.22,3.37,2.77,1.93,0.15
2009-10-01,0.24,0.7375,0.53,0.57087,0.0850033333333333,0.215,3.78,2.79,2.03,0.18
2009-11-01,0.21,0.716190476190476,0.51,0.60936,0.118535785714286,0.215,3.95,2.8,2.05,0.18
2009-12-01,0.22,0.712045454545454,0.46,0.60541,0.115619909090909,0.198,4.12904761904762,2.78,2.08,0.17
2010-01-01,0.2,0.67975,0.45,0.61265,0.0903594,0.1725,4.2025,2.78,2.25,0.2
2010-02-01,0.19,0.6617,0.44,0.6331,0.09874325,0.165,4.16,2.73,2.27,0.22
2010-03-01,0.23,0.64495652173913,0.43,0.64549,0.0957777272727273,0.228,4.3275,2.67,2.3,0.23
2010-04-01,0.3,0.6447,0.4,0.65592,0.0879435,0.3375,4.545,2.69,2.39,0.29
2010-05-01,0.45,0.68652380952381,0.39,0.69713,0.08190975,0.39,4.805,2.89,2.5,0.28
2010-06-01,0.52,0.727590909090909,0.38,0.72839,0.11774075,0.522,4.8875,3.07,2.67,0.27
2010-07-01,0.41,0.848818181818182,0.37,0.73603,0.18285119047619,0.575,4.84,3.23,2.69,0.39
2010-08-01,0.32,0.8955,0.36,0.73296,0.20656935,0.66,4.7425,3.25,2.65,0.45
2010-09-01,0.28,0.8805,0.36,0.72859,0.213812095238095,0.85,4.815,3.18,2.64,0.52
2010-10-01,0.27,0.997666666666667,0.34,0.7384,0.24791775,0.895,4.81,3.18,2.56,0.81
2010-11-01,0.27,1.04204545454545,0.34,0.73901,0.18600105,0.9525,5.015,3.17,2.51,1.11
2010-12-01,0.3,1.02169565217391,0.34,0.74962,0.191368111111111,0.994,5.025,3.17,2.59,1.28
2011-01-01,0.29,1.0172380952381,0.34,0.76866,0.15081019047619,0.9625,4.955,3.19,2.59,1.49
2011-02-01,0.28,1.08675,0.34,0.79962,0.13954275,0.9525,4.9175,3.13,2.61,1.74
2011-03-01,0.28,1.17552173913043,0.33615,0.80913,0.155124173913043,0.926,4.92,2.69,2.62,1.74
2011-04-01,0.23,1.32121052631579,0.33286,0.82096,0.139454111111111,0.965,4.9,2.65,2.69,1.8
2011-05-01,0.21,1.42509090909091,0.33214,0.82344,0.119449863636364,0.9625,5.0025,2.66,2.72,1.91
2011-06-01,0.22,1.48859090909091,0.33214,0.82512,0.10205965,0.928,4.9925,2.65,2.85,1.85
2011-07-01,0.24,1.59761904761905,0.33214,0.8289,0.0909554761904762,0.9225,4.955,2.71,2.94,1.8
2011-08-01,0.29,1.55208695652174,0.32857,0.85782,-0.0675968,0.874,4.8575,2.9,3.1,1.71
2011-09-01,0.33,1.53645454545455,0.32929,0.9181,-0.0610702727272727,0.8725,4.81,2.88,3.08,1.58
2011-10-01,0.37,1.57585714285714,0.32929,0.96991,-0.0933598947368421,0.8625,4.725,2.76,3.08,1.45
2011-11-01,0.41,1.48468181818182,0.32929,1.01182,-0.0653187,0.882,4.6225,2.69,3.16,1.45
2011-12-01,0.49,1.42609523809524,0.32929,1.06148,0.08,0.83,4.5075,2.69,3.02,1.37
2012-01-01,0.4,1.22222727272727,0.33077,1.08709,0.0402932857142857,0.825,4.41,2.74,2.7,1.56
2012-02-01,0.3,1.04828571428571,0.33167,1.07249,0.0178765,0.918,4.37,2.75,2.67,1.59
2012-03-01,0.29,0.858454545454546,0.33167,1.03757,0.05129925,0.915,4.4425,2.74,2.43,1.49
2012-04-01,0.29,0.744315789473684,0.33167,1.01792,0.0136988333333333,0.9825,4.2025,2.74,2.32,1.44
2012-05-01,0.29,0.684909090909091,0.33167,1.005,-0.0154980555555556,0.988,3.655,2.59,2.32,1.38
2012-06-01,0.32,0.658857142857143,0.33455,0.94978,-0.0573110588235294,0.8825,3.4925,2.61,2.34,1.24
2012-07-01,0.3,0.497045454545455,0.32727,0.81735,-0.173395066666667,0.8875,3.545,2.67,2.24,1.1
2012-08-01,0.26,0.332391304347826,0.32727,0.70481,-0.207230666666667,1.002,3.6175,2.64,2.13,1.15
2012-09-01,0.24,0.2463,0.32727,0.64803,-0.150658058823529,1.0075,3.49,2.64,1.96,1.04
2012-10-01,0.23,0.207913043478261,0.32636,0.54397,-0.06339775,0.976,3.1625,2.65,1.92,0.98
2012-11-01,0.23,0.192,0.31818,0.52452,-0.144987368421053,0.97,3.2425,2.64,1.92,1.06
2012-12-01,0.24,0.185473684210526,0.30818,0.51848,-0.051343,0.945,3.1125,2.65,1.87,1.01
2013-01-01,0.23,0.204909090909091,0.29182,0.51228,-0.1080856,0.92,3.0,2.66,1.86,0.96
2013-02-01,0.22,0.22335,0.26909,0.50988,-0.0634238666666667,0.9475,2.94,2.66,1.9005,0.98
2013-03-01,0.21,0.20605,0.25,0.50688,-0.0596407368421053,0.9625,3.05,2.64,1.848947368,0.97
2013-04-01,0.2,0.208904761904762,0.22818,0.50557,-0.0647253333333333,0.9825,3.02,2.65,1.821428571,0.95
2013-05-01,0.2,0.201227272727273,0.22818,0.50563,-0.05881175,0.998,2.82,2.64,1.763684211,0.92
2013-06-01,0.19,0.21025,0.22818,0.50794,-0.0602111052631579,1.025,2.8,2.64,1.7335,0.92
2013-07-01,0.14,0.221434782608696,0.228,0.50944,-0.0558058260869565,1.012,2.76,2.64,1.68826087,0.93
2013-08-01,0.12,0.225863636363636,0.228,0.51262,-0.06065045,0.9925,2.6,2.64,1.723181818,0.93
2013-09-01,0.11,0.223238095238095,0.228,0.51688,-0.0511073157894737,0.9875,2.58,2.65,1.713809524,0.89
2013-10-01,0.12,0.225826086956522,0.221,0.51663,0.0159292,0.924,2.58,2.67,1.685217391,0.92
2013-11-01,0.12,0.223380952380952,0.22,0.52344,-0.0169540555555556,0.925,2.58,2.66,1.663333333,0.92
2013-12-01,0.14,0.2735,0.22,0.52474,0.0174349166666667,0.9175,2.6,2.73,1.658947368,0.82
2014-01-01,0.12,0.292045454545455,0.22,0.52093,-0.0433244,0.894,2.62,2.88,1.649090909,0.73
2014-02-01,0.13,0.2881,0.212,0.52153,-0.04796675,0.87,2.63,2.93,1.699,0.73
2014-03-01,0.12,0.305333333333333,0.212,0.52157,-0.0400058571428571,0.8425,2.65,3.05,1.707619048,0.73
2014-04-01,0.12,0.32975,0.212,0.52665,-0.0292094,0.926,2.68,3.24,1.752105263,0.7
2014-05-01,0.11,0.324571428571429,0.21,0.52744,-0.03160255,0.925,2.69,3.38,1.819,0.66
2014-06-01,0.11,0.241428571428571,0.21,0.54394,-0.012441,0.935,2.7,3.52,1.804,0.58
2014-07-01,0.13,0.20504347826087,0.21,0.55641,0.0333333333333333,0.948,2.65,3.67,1.715217391,0.26
2014-08-01,0.13,0.191571428571429,0.21,0.56119,0.038,0.95,2.63,3.69,1.722380952,0.22
2014-09-01,0.12,0.0970909090909091,0.21,0.56291,0.025,0.9275,2.66,3.71,1.700909091,0.19
2014-10-01,0.12,0.0826086956521739,0.192,0.55836,0.04,0.894,2.72,3.68,1.625652174,0.14
2014-11-01,0.13,0.0809,0.182,0.55628,0.0414285714285714,0.9025,2.75,3.67,1.659,0.05
2014-12-01,0.15,0.0809047619047619,0.179,0.55818,0.040234375,0.902,2.75,3.67,1.5345,0.06
2015-01-01,0.16,0.0626666666666667,0.173,0.5626,-0.416666666666667,0.765,2.7,3.67,1.388095238,0.11
2015-02-01,0.15,0.0482,0.171,0.56363,-0.675,0.5325,2.36,3.63,1.38,-0.02
2015-03-01,0.14,0.0271818181818182,0.17,0.56436,-0.788842625,0.5525,2.3,3.63,1.38,-0.11
2015-04-01,0.13,0.0047,0.17,0.5695,-0.685416666666667,0.618,2.25,3.63,1.47,-0.26
2015-05-01,0.15,-0.0103684210526316,0.169,0.56798,-0.81541675,0.6575,2.15,3.53,1.49,-0.27
2015-06-01,0.18,-0.0139090909090909,0.169,0.57188,-0.767575833333333,0.61,2.15,3.33,1.35,-0.32
2015-07-01,0.19,-0.0187391304347826,0.169,0.58084,-0.7443055,0.47,2.14,3.13,1.27,-0.48
2015-08-01,0.26,-0.0276666666666667,0.169,0.5867,-0.78125,0.385,2.14,2.95,1.2,-0.46
2015-09-01,0.27,-0.0370454545454546,0.169,0.58576,-0.756176166666667,0.4,2.17,2.85,1.16,-0.48
2015-10-01,0.25,-0.0535909090909091,0.169,0.58006,-0.845,0.4025,2.15,2.86,1.11,-0.44
2015-11-01,0.3,-0.0876190476190476,0.169,0.57371,-0.680833,0.4525,2.22,2.89,1.15,-0.36
2015-12-01,0.54,-0.126318181818182,0.169,0.58277,-0.740213833333333,0.484,2.34,2.79,1.14,-0.38
2016-01-01,0.57,-0.14615,0.169,0.58976,-0.745873,0.435,2.3,2.73,1.16,-0.46
2016-02-01,0.54,-0.183571428571429,0.098,0.59073,-0.8886364,0.4575,2.28,2.62,1.09,-0.5
2016-03-01,0.55,-0.22852380952381,0.098,0.58825,-0.774167,0.46,2.31,2.43,1.02,-0.59
2016-04-01,0.55,-0.249190476190476,0.06,0.5889,-0.746875,0.5125,2.26,2.34,0.98,-0.59
2016-05-01,0.57,-0.257181818181818,0.06,0.58929,-0.765375,0.5075,2.0,2.38,0.98,-0.6
2016-06-01,0.55,-0.267909090909091,0.059,0.57468,-0.718645,0.51,1.99,2.37,1.02,-0.63
2016-07-01,0.62,-0.294523809523809,0.058,0.5136,-0.77,0.5,1.93,2.37,1.01,-0.67
2016-08-01,0.73,-0.298217391304348,0.058,0.40613,-0.75,0.506,1.76,2.24,1.08,-0.74
2016-09-01,0.75,-0.301636363636364,0.056,0.37907,-0.75,0.505,1.73,2.23,1.09,-0.75
2016-10-01,0.72,-0.309,0.056,0.3975,-0.75,0.4875,1.74,2.15,1.11,-0.75
2016-11-01,0.71,-0.312681818181818,0.056,0.39773,-0.76,0.48,1.76,2.07,1.1,-0.79
2016-12-01,0.87,-0.315761904761905,0.056,0.37226,-0.8,0.4775,1.78,2.03,1.16,-0.79
2017-01-01,0.9,-0.325545454545455,0.056,0.3621,-0.93,0.45,1.78,1.98,1.08,-0.77
2017-02-01,0.87,-0.3286,0.056,0.35674,-0.803778166666667,0.465,1.78,2.02,1.02,-0.69
2017-03-01,0.98,-0.329347826086957,0.056,0.34567,-0.815,0.498,1.79,1.98,0.96,-0.63
2017-04-01,1.03,-0.330388888888889,0.056,0.33513,-0.7901191,0.535,1.77,1.97,0.98,-0.63
2017-05-01,1.05,-0.329454545454545,0.056,0.31081,-0.89770825,0.512,1.73,1.98,0.9,-0.62
2017-06-01,1.16,-0.33,0.056,0.29442,-0.775,0.565,1.72,1.95,0.87,-0.67
2017-07-01,1.22,-0.330428571428571,0.075,0.2931,-0.805833333333333,0.73,1.7,1.96,0.84,-0.75
2017-08-01,1.25,-0.329086956521739,0.056,0.28119,-0.815,0.722,1.7,1.95,0.8,-0.73
2017-09-01,1.25,-0.329380952380952,0.056,0.30911,-0.84525,0.98,1.72,1.95,0.8,-0.71
2017-10-01,1.26,-0.329545454545455,0.063,0.38187,-0.925185222222222,0.96,1.7,1.94,0.82,-0.68
2017-11-01,1.32,-0.329,0.063,0.51857,-0.906642166666667,0.88,1.72,1.93,0.78,-0.71
2017-12-01,1.54,-0.327894736842105,0.063,0.51871,-0.864305555555556,0.96,1.77,1.88,0.83,-0.75
2018-01-01,1.63,-0.328454545454546,0.068,0.5225,-0.87154745,1.164,1.79,1.88,0.84,-0.69
2018-02-01,1.78,-0.3285,0.068,0.54683,-0.8715625,1.1625,1.77,1.91,0.93,-0.66
2018-03-01,2.08,-0.327904761904762,0.097,0.62842,-0.79524075,1.095,1.93,1.93,1.07,-0.66
2018-04-01,2.2,-0.32845,0.097,0.75629,-0.80023515,1.165,2.06,2.01,1.14,-0.66
2018-05-01,2.16,-0.325227272727273,0.078,0.64355,-0.7861775,1.246,1.96,2.01,1.07,-0.7
2018-06-01,2.19,-0.322047619047619,0.078,0.63868,-0.790477142857143,1.2375,2.07,2.01,1.01,-0.69
2018-07-01,2.17,-0.320727272727273,0.091,0.74619,-0.780435909090909,1.375,2.02,1.94,1.04,-0.67
2018-08-01,2.19,-0.319,0.091,0.80519,-0.777280909090909,1.488,1.96,1.9,1.04,-0.68
2018-09-01,2.24,-0.31885,0.05,0.80093,-0.780283888888889,1.5175,1.93,1.9,1.09,-0.73
2018-10-01,2.37,-0.317695652173913,0.05,0.80618,-0.831076428571429,1.66,1.93,1.89,1.09,-0.7
2018-11-01,2.56,-0.316363636363636,0.05,0.87483,-0.815,1.7125,1.94,1.98,1.2,-0.73
2018-12-01,2.69,-0.311894736842105,0.05,0.90444,-0.776,1.66,2.02,1.98,1.28,-0.66
2019-01-01,2.59,-0.308,0.03,0.91822,-0.813503555555556,1.634,2.07,1.91,1.26,-0.44
2019-02-01,2.49,-0.30845,0.03,0.87598,-0.768617571428571,1.665,1.96,1.9,1.27,-0.4
2019-03-01,2.48,-0.309190476190476,0.05,0.84,-0.756575222222222,1.66,1.83,1.88,1.34,-0.4
2019-04-01,2.47,-0.31045,0.05,0.82,-0.7475,1.675,1.68,1.81,1.4,-0.3995
2019-05-01,2.44,-0.311863636363636,0.049,0.8,-0.7752625,1.678,1.54,1.72,1.46,-0.3995
2019-06-01,2.3,-0.3289,0.049,0.78,-0.780555,1.665,1.29,1.6,1.51,-0.3994
2019-07-01,2.22,-0.364869565217391,0.049,0.77,-0.84,1.654,1.11,1.55,1.57,-0.4
2019-08-01,2.06,-0.407681818181818,0.009,0.76,-0.8075,1.635,0.98,1.25,1.61,-0.4278
2019-09-01,2.03,-0.417571428571429,0.009,0.77,-0.79125,1.6275,0.98,1.15,1.7,-0.4094
2019-10-01,1.88,-0.412869565217391,0.009,0.78,-0.756590909090909,1.654,0.88,1.05,1.81,-0.4333
2019-11-01,1.77,-0.401285714285714,0.018,0.79,-0.705643333333333,1.6625,0.91,1.18,1.85,-0.4717
2019-12-01,1.76,-0.3947,0.021,0.79,-0.736666666666667,1.6575,0.9,1.22,1.85,-0.455
2020-01-01,1.65,-0.391136363636364,0.021,0.74,-0.74875,1.646,0.89,1.27,1.83,-0.1749
2020-02-01,1.59,-0.40885,0.021,0.75,-0.7164475,1.6325,0.89,1.18,1.75,-0.1499
2020-03-01,1.35,-0.416636363636364,0.006,0.53,-0.675,0.6725,0.53,0.71,1.39,-0.15291
2020-04-01,,-0.25405,-0.039,0.65,-0.624583333333333,0.246,0.17,0.39,0.76,-0.1704
2020-05-01,0.17,-0.27195,-0.042,0.33,-0.663348888888889,0.235,0.1,0.26,0.3,-0.13926
2020-06-01,0.2,-0.376,-0.042,0.19,-0.6658145,0.1925,0.1,0.28,0.34,-0.084714
2020-07-01,0.18,-0.444130434782609,-0.065,0.1,-0.69071347826087,0.18,0.1,0.3,0.32,-0.084522
2020-08-01,0.15,-0.479714285714286,-0.065,0.07,-0.706807142857143,0.1575,0.1,0.29,0.25,-0.11924
2020-09-01,0.13,-0.491363636363636,-0.055,0.06,-0.708714090909091,0.142,0.09,0.3,0.27,-0.13068
2020-10-01,0.12,-0.509136363636364,-0.055,0.05,-0.698181818181818,0.1,0.07,0.27,0.33,-0.1285
2020-11-01,0.16,-0.520857142857143,-0.055,0.04,-0.73,0.1075,0.02,0.27,0.36,-0.12448
2020-12-01,0.17,-0.538090909090909,-0.055,0.03,-0.742727272727273,0.106,0.02,0.26,0.49,-0.18255
2021-01-01,0.14,-0.54715,-0.055,0.03,-0.729838,0.0575,0.01,0.28,0.48,-0.15042
2021-02-01,0.11,-0.5411,-0.055,0.05,-0.732424,0.0825,0.01,0.28,0.45,-0.1313
2021-03-01,0.1,-0.539086956521739,-0.065,0.08,-0.73,0.106,0.03,0.33,0.38,-0.15965
2021-04-01,0.11,-0.53815,-0.065,0.09,-0.7285415,0.0925,0.04,0.34,0.3,-0.14671
2021-05-01,0.1,-0.540095238095238,-0.065,0.08,-0.735221052631579,0.0975,0.04,0.35,0.24,-0.1519
2021-06-01,0.09,-0.542909090909091,-0.072,0.08,-0.737727272727273,0.128,0.03,0.33,0.2,-0.15881
2021-07-01,0.1,-0.544818181818182,-0.072,0.08,-0.736136363636364,0.1675,0.02,0.4,0.32,-0.15514
2021-08-01,0.1,-0.547590909090909,-0.072,0.07,-0.738181818181818,0.1775,0.01,0.54,0.42,-0.16214
2021-09-01,0.1,-0.545045454545454,-0.072,0.07,-0.82,0.132,0.01,0.57,0.67,-0.17082
2021-10-01,0.11,-0.549809523809524,-0.072,0.16,-0.726692380952381,0.12,0.04,0.7,0.74,-0.21338
2021-11-01,0.14,-0.567363636363636,-0.072,0.13,-0.693960909090909,0.1175,0.04,0.83,0.83,-0.34709
2021-12-01,0.17,-0.58195652173913,-0.049,0.16,-0.71745652173913,0.078,0.06,0.91,1.02,-0.38467
2022-01-01,0.22,-0.560142857142857,-0.049,0.53,-0.714190952380952,0.305,0.07,1.03,1.1,-0.16025
2022-02-01,0.38,-0.53150000005,-0.049,0.81,-0.684792,0.325,0.07,1.21,1.17,-0.1435
2022-03-01,0.73,-0.495434782608696,-0.049,0.99,-0.682174347826087,0.566,0.17,1.49,1.32,-0.22491
2022-04-01,0.91,-0.447894736842105,-0.049,1.13,-0.6725,1.0475,0.41,1.81,1.27,-0.098526
2022-05-01,1.33,-0.385727272727273,-0.049,1.31,-0.685,1.3675,1.0,2.22,1.24,0.31314
2022-06-01,1.87,-0.239227272727273,0.005,1.57,-0.508571428571429,1.834,1.6,2.68,1.68,0.5147
2022-07-01,2.5,0.0366190476190476,-0.031,1.84,-0.11,2.445,2.07,3.03,2.24,0.7801
2022-08-01,2.76,0.394739130434783,-0.02,2.23,-0.0245454545454545,2.908,2.31,3.31,2.6,1.13165
2022-09-01,3.21,1.01086363636364,-0.016,2.91,0.1475,3.42,2.76,3.64,2.94,1.50959
2022-10-01,3.85,1.42766666666667,-0.016,3.39,0.52875,3.76,2.95,4.0,3.33,1.60286
2022-11-01,4.46,1.82522727272727,-0.016,3.52,0.54,3.988,3.06,4.24,3.51,1.67914
2022-12-01,4.51,2.06347619047619,-0.015,3.78,0.736349047619048,4.1675,3.17,4.53,3.26,2.02062
2023-01-01,4.61,2.34486363636364,-0.006,4.01,0.986904761904762,4.325,3.32,4.81,3.27,2.65695
2023-02-01,4.74,2.64035,0.001,4.21,1.0,4.45,3.46,5.01,3.25,3.0353
2023-03-01,4.91,2.91056521739131,-0.008,4.33,1.36382260869565,4.388,3.64,5.15,3.69,3.24887
2023-04-01,5.03,3.167,-0.001,4.52,1.45,4.3675,3.66,5.49,3.74,3.41356
2023-05-01,5.15,3.3664347826087,-0.019,4.73,1.45,4.478,3.9,5.67,3.94,3.50124
2023-06-01,5.22,3.53586363636364,-0.003,5.09,1.59045454545455,4.8325,4.25,5.68,4.37,3.5381
2023-07-01,5.35,3.67180952380952,-0.003,5.49,1.72,4.935,4.3,5.67,4.68,3.70871
2023-08-01,5.44,3.78030434782609,-0.003,5.53,1.76727272727273,5.054,4.15,5.64,4.72,3.79361
2023-09-01,5.49,3.88004761904762,0.024,5.52,1.77,5.0375,4.13,5.68,4.72,3.82667
2023-10-01,5.46,3.96763636363636,-0.012,5.4,1.77,5.08,4.21,5.68,4.72,3.95627
2023-11-01,5.41,3.97163636363636,0.024,5.36,1.73181818181818,4.996,4.38,5.63,4.69,4.10186
2023-12-01,5.32,3.93309523809524,0.052,5.22,1.6525,4.9475,4.35,5.63,4.73,4.02842
2024-01-01,5.26,3.92527272727273,0.025,5.2,1.6852380952381,4.948,4.35,5.64,4.71,3.97095
2024-02-01,5.22,3.92319047619048,0.027,5.21,1.7,4.935,4.34,5.71,4.71,4.04338
2024-03-01,5.29,3.92238095238095,0.109,5.2,1.5,4.905,4.35,5.64,4.73,4.0525
2024-04-01,5.33,3.88636363636364,0.109,5.18,1.5,4.925,4.37,5.63,4.72,3.95071
2024-05-01,5.33,3.81365217391304,0.129,5.16,1.5,4.868,4.36,5.62,4.71,3.78762
2024-06-01,5.28,3.7245,0.149,5.16,1.427,4.6475,4.39,5.62,4.73,3.68339
2024-07-01,5.31,3.68482608695652,0.166,5.09,1.19347826086957,4.508,4.46,5.55,4.76,3.5847
2024-08-01,5.12,3.54759090909091,0.255,4.91,1.06647238095238,4.2325,4.38,5.3,4.74,3.36582
2024-09-01,4.86,3.43371428571428,0.256,4.84,1.02214285714286,4.0425,4.42,5.05,4.73,3.13867
2024-10-01,4.62,3.16660869565217,0.256,4.75,0.894492608695652,3.71,4.41,4.65,4.7,2.91691
2024-11-01,4.53,3.0067619047619,0.362,4.68,0.806508095238095,3.48,4.42,4.42,4.7,2.66529
2024-12-01,4.46,2.81609090909091,0.386,4.64,0.60075,3.195,4.44,4.27,4.68,2.45478
2025-01-01,4.33,2.7031304348,0.76727,4.55,0.408095238095238,3.058,4.33,4.05,4.61,2.33105
2025-02-01,4.34,2.52495,0.79182,4.44,0.37125,2.8425,4.17,3.81,4.51,2.2802
2025-03-01,4.29,2.4424285714,0.82091,4.39,0.312911904761905,2.66,4.12,3.67,4.57,2.29952
2025-04-01,4.32,2.2481818182,0.78364,4.26,0.15585,2.622,4.02,3.49,4.59,2.268
2025-05-01,4.29,2.0912727273,0.77545,4.19,0.092,2.6225,3.78,3.34,4.64,2.30257
2025-06-01,4.31,1.9836190476,0.77273,4.15,0.039603,2.66,3.69,3.3,4.34,2.18842
2025-07-01,4.28,1.9863478261,0.77273,4.05,-0.0406521739130435,2.662,3.68,3.25,4.33,2.07874
2025-08-01,4.22,2.0210952381,0.77273,3.98,-0.0615,2.655,3.61,3.1,4.26,2.043
2025-09-01,4.1,2.0272727273,0.81818,3.97,-0.0596968181818182,2.4925,3.58,2.93,4.13,1.98341
2025-10-01,3.98,2.0344347826,0.80909,3.93,-0.0643113043478261,2.334,3.56,2.58,4.25,1.85274
2025-11-01,3.86,2.04165,0.80636,3.84,-0.0475,2.185,3.65,2.47,4.22,1.8687
2025-12-01,3.74,2.0457826087,1.07273,3.75,-0.0482128571428571,2.164,3.71,2.49,4.07,1.92889
2026-01-01,3.63,2.0277272727,1.11636,3.71,-0.0388865,2.19,3.77,2.5,4.11,1.9577
2026-02-01,3.66,,1.22909,,-0.0435,2.1775,3.96,2.49,4.17,1.9074
2026-03-01,3.69,,1.26882,,-0.0411959090909091,2.23,4.19,2.51,4.34,1.93618
2026-04-01,3.77,,1.24182,,-0.0398335,2.272,4.34,2.56,4.48,1.93585
2026-05-01,3.72,,1.27409,,-0.0394444444444444,2.2925,4.43,2.63,4.56,1.95663
2026-06-01,3.77,,1.412,,-0.0451195454545455,2.2725,4.46,2.68,4.57,1.95376
2026-07-01,3.82,,1.45845,,-0.0448913043478261,2.258,4.48,2.85,4.62,1.9493
2026-08-01,3.82,,,,-0.045,2.28,4.51,2.98,4.51,1.96805
